nmae,nrmse,r2,log_likelihood
3.8376493,0.19760653,-0.0043260458857603545,-28.135687
