nmae,nrmse,r2,log_likelihood
9.59687,0.21888897,-0.23230997031711187,-74.21747
