nmae,nrmse,r2,log_likelihood
6.633514,0.19120745,0.05966689023489702,-29.986895
