nmae,nrmse,r2,log_likelihood
8.032136,0.22659591,-0.3206150267974093,-16.258083
