nmae,nrmse,r2,log_likelihood
9.01392,0.2062469,-0.09407476721073516,-31.039543
