nmae,nrmse,r2,log_likelihood
2.1658678,0.21384698,-0.17619251914308354,-23.039888
