nmae,nrmse,r2,log_likelihood
2.7860305,0.21735242,-0.2150694040218497,-24.424923
