nmae,nrmse,r2,log_likelihood
10.172284,0.21041818,-0.13877696463732558,-27.640547
