nmae,nrmse,r2,log_likelihood
7.915805,0.21800855,-0.22241636469485093,-26.329306
