nmae,nrmse,r2,log_likelihood
4.5161004,0.18692046,0.10135990117155425,-26.584673
