nmae,nrmse,r2,log_likelihood,lf_nmae,lf_nrmse,lf_r2,beta_0,beta_1
0.37208742,0.07033974,0.9861502859031793,1.4338955,0.9450135,0.21465234,0.9700616236599026,-0.4123995312878044,0.8582730698806095
