nmae,nrmse,r2,log_likelihood,lf_nmae,lf_nrmse,lf_r2
0.46540526,0.10213203,0.9694549383683875,2642.6892,0.89850533,0.21174426,0.9709015532519016
