nmae,nrmse,r2,log_likelihood,lf_nmae,lf_nrmse,lf_r2
0.89203936,0.1269347,0.9528178409492307,2460.067,0.8396405,0.22522299,0.9672480068252396
