nmae,nrmse,r2,log_likelihood,lf_nmae,lf_nrmse,lf_r2
0.26392016,0.041210808,0.9950267613748666,4373.803,0.7949816,0.2239716,0.9677594669602123
