nmae,nrmse,r2,log_likelihood,lf_nmae,lf_nrmse,lf_r2
0.49360693,0.0873494,0.6013096128932196,-61.65351,0.39763966,0.08011752,0.6708956672615184
