nmae,nrmse,r2,log_likelihood,lf_nmae,lf_nrmse,lf_r2
0.50876856,0.08861656,0.589658325591712,-72.671135,0.4063997,0.07915618,0.6787462436589433
