nmae,nrmse,r2,log_likelihood,lf_nmae,lf_nrmse,lf_r2
0.6160554,0.08507686,0.6217849250834002,-55.52682,0.39973998,0.07794123,0.6885322291782809
