nmae,nrmse,r2,log_likelihood,lf_nmae,lf_nrmse,lf_r2
0.57557446,0.08511507,0.6214451309717102,-68.09998,0.40609074,0.07740693,0.692787969982914
