nmae,nrmse,r2,log_likelihood,lf_nmae,lf_nrmse,lf_r2
0.8848612,0.08755072,0.5994697220213197,-61.951515,0.42770377,0.077795096,0.6896991094769177
