nmae,nrmse,r2,log_likelihood,lf_nmae,lf_nrmse,lf_r2
0.5744162313275719,0.1386722811730819,0.943688593685088,2275.5032657317456,0.89576614,0.21272579,0.970631160146859
