nmae,nrmse,r2,log_likelihood,lf_nmae,lf_nrmse,lf_r2
0.9838258494374402,0.20108807658481523,0.8815896421712949,-12698.305262207115,0.79294544,0.22608018,0.9671495571158435
