nmae,nrmse,r2,log_likelihood,lf_nmae,lf_nrmse,lf_r2,beta_0,beta_1
0.6482935,0.08019529,0.9350674659028622,-9.725341,0.36331064,0.061086703,0.965922980929225,-5.0,1.3049134416451567
0.53649503,0.06725994,0.9543251058463978,-8.772708,0.37669364,0.0458169,0.9808301113516739,-5.0,1.3048718850568861
1.2430588,0.08107467,0.9336356239099837,-10.573846,0.44584295,0.060585145,0.9664802704775727,-5.0,1.3087829715492239
0.74493283,0.06342588,0.9593839466437755,-8.338074,0.4287597,0.047449328,0.9794397501741174,-5.0,1.3035341897145154
