nmae,nrmse,r2,log_likelihood,lf_nmae,lf_nrmse,lf_r2,beta_0,beta_1
0.4959628,0.09671969,0.9738140068548873,1.3420444,0.9815741,0.22258131,0.9678090091935724,-0.4088144966672963,0.8772003876117365
