nmae,nrmse,r2,log_likelihood,lf_nmae,lf_nrmse,lf_r2
5.492808,0.10487716,0.7170993206160109,-21.830046,0.3353715,0.06822136,0.8847888871459105
