nmae,nrmse,r2,log_likelihood,lf_nmae,lf_nrmse,lf_r2
0.46226312263002506,0.06578864027341053,0.987325849064765,2862.2465922935144,0.8405438,0.22243944,0.9680525733522304
..
