,nrmse,nmae,r2,cpu_time
hierarchical_kriging,0.022101439379263194,0.0942809107855155,0.9998353074392449,0.34499692916870117
co_kriging,0.022081806819895255,0.09424789573374766,0.9998355998998711,0.5145664215087891
scaled_kriging,0.9723472909172737,2.214434149740043,0.681231291842906,0.30088043212890625
mf_rbf_kriging,0.007260479255726432,0.017530855041700887,0.9999822268894117,0.05530214309692383
