,nrmse,nmae,r2,lf_time,hf_time
hierarchical_kriging,0.022759383148405657,0.09467903264687864,0.9998253559317158,0.18408846855163574,0.03101491928100586
co_kriging,0.022750906364040004,0.09462564200737206,0.9998254860006552,0.09765982627868652,0.39430904388427734
scaled_kriging,0.9723472816619901,2.214434132005194,0.6812312979113031,0.19915986061096191,0.06800103187561035
mf_rbf_kriging,0.007260479256894026,0.017530855043599053,0.999982226889406,0.0010118484497070312,0.05099987983703613
