,nrmse,nmae,r2,cpu_time
hierarchical_kriging,0.02210107749185084,0.09428050719814046,0.9998353128325296,0.7225611209869385
co_kriging,0.022074584616907488,0.09424085231547635,0.9998357074215732,0.9107832908630371
scaled_kriging,0.9723472869881604,2.214434141503538,0.6812312944191015,0.41551661491394043
mf_rbf_kriging,0.007260479255726432,0.017530855041700887,0.9999822268894117,0.08605480194091797
