,nrmse,nmae,r2,lf_time,hf_time
hierarchical_kriging,0.02275936817417398,0.09467896769582565,0.9998253561615252,0.6014623641967773,0.05353069305419922
co_kriging,0.022750919707761053,0.09462569833360016,0.9998254857959454,0.4148697853088379,0.4707913398742676
scaled_kriging,0.9723472869881604,2.214434141503538,0.6812312944191015,0.39519572257995605,0.09419584274291992
mf_rbf_kriging,0.007260479255726432,0.017530855041700887,0.9999822268894117,0.0006747245788574219,0.05151844024658203
