,nrmse,nmae,r2,cpu_time
hierarchical_kriging,0.022098214384205714,0.09427769122690363,0.9998353554989151,0.4845869541168213
co_kriging,0.022147701718384937,0.09430552221673145,0.9998346172545914,0.5257365703582764
scaled_kriging,0.972347293816678,2.2144341560251832,0.6812312899418581,0.20921087265014648
mf_rbf_kriging,0.007260479255726432,0.017530855041700887,0.9999822268894117,0.03980517387390137
