nmae,nrmse,r2,log_likelihood,lf_nmae,lf_nrmse,lf_r2
1.4224905,0.071854435,0.9478719029938472,-331404.66,0.43334344,0.05668413,0.9706578975391562
