nmae,nrmse,r2,log_likelihood,lf_nmae,lf_nrmse,lf_r2
1.2388924,0.07185244,0.9478748171234473,-314154.97,0.55747294,0.056174777,0.971182855550464
