nmae,nrmse,r2,log_likelihood,lf_nmae,lf_nrmse,lf_r2
0.76491135,0.07085485,0.949312157062429,-321994.62,0.5235471,0.055806167,0.9715598037280391
