nmae,nrmse,r2,log_likelihood,lf_nmae,lf_nrmse,lf_r2
0.6287828,0.084973805,0.9270987848342906,-367472.2,0.4568375,0.067866355,0.957939228794427
