nmae,nrmse,r2,log_likelihood,lf_nmae,lf_nrmse,lf_r2
0.7455181,0.06440785,0.9581165722957031,-302027.8,0.43731934,0.048628636,0.9784050406608074
