nmae,nrmse,r2,log_likelihood,lf_nmae,lf_nrmse,lf_r2
0.7004971,0.07169027,0.9481098271785927,-329093.1,0.34894904,0.058189098,0.9690791482054345
