nmae,nrmse,r2,log_likelihood,lf_nmae,lf_nrmse,lf_r2
0.6441158,0.060877368,0.9625823642552167,-283201.53,0.3789191,0.050440665,0.9767656857625101
