nmae,nrmse,r2,log_likelihood,lf_nmae,lf_nrmse,lf_r2
0.61985576,0.055196803,0.9692395628998323,-272398.28,0.3536336,0.046452742,0.9802943438107697
