nmae,nrmse,r2,log_likelihood,lf_nmae,lf_nrmse,lf_r2
0.5588499,0.063305,0.9595386172774338,-291504.03,0.3120542,0.05136214,0.9759090222042047
