nmae,nrmse,r2,log_likelihood,lf_nmae,lf_nrmse,lf_r2
0.5294148,0.07111551,0.9489385349225022,-318229.9,0.45777214,0.059182834,0.9680140148777088
