nmae,nrmse,r2,log_likelihood,lf_nmae,lf_nrmse,lf_r2
0.44743297,0.058911838,0.9649595425290712,-7.02125,0.38515794,0.05551594,0.9718548450713279
