nmae,nrmse,r2,log_likelihood,lf_nmae,lf_nrmse,lf_r2
0.81764424,0.08694087,0.9236845274599969,-8.767361,0.44183552,0.07027268,0.9549036732602789
