nmae,nrmse,r2,log_likelihood,lf_nmae,lf_nrmse,lf_r2
0.5229597,0.06782379,0.953556096240335,-7.8511014,0.4725191,0.055543784,0.9718266089831908
1.9240838,0.08117691,0.9334681517801617,-8.523936,0.38581693,0.064356536,0.9621772067899965
0.9984034,0.06944799,0.9513050355737094,-7.961546,0.384397,0.05538054,0.9719919661512707
0.70229334,0.06851819,0.9526002102467621,-7.512275,0.37706164,0.056066126,0.971294229254902
0.85759866,0.068321474,0.9528719953019997,-7.680753,0.3577828,0.05701715,0.9703121122098529
