nmae,nrmse,r2,log_likelihood,lf_nmae,lf_nrmse,lf_r2
0.9984034,0.06944799,0.9513050355737094,-7.961546,0.384397,0.05538054,0.9719919661512707
