nmae,nrmse,r2,log_likelihood,lf_nmae,lf_nrmse,lf_r2
0.5881914,0.06827394,0.9529375461708433,-7.7835155,0.54736805,0.054597523,0.9727783697064848
