nmae,nrmse,r2,log_likelihood,lf_nmae,lf_nrmse,lf_r2
1.9240838,0.08117691,0.9334681517801617,-8.523936,0.38581693,0.064356536,0.9621772067899965
