nmae,nrmse,r2,log_likelihood,lf_nmae,lf_nrmse,lf_r2
0.76277864,0.08740078,0.9228749864636938,-11.002464,0.4543835,0.06691582,0.9591091877463838
