nmae,nrmse,r2,log_likelihood,lf_nmae,lf_nrmse,lf_r2
0.70229334,0.06851819,0.9526002102467621,-7.512275,0.37706164,0.056066126,0.971294229254902
