nmae,nrmse,r2,log_likelihood,lf_nmae,lf_nrmse,lf_r2
0.9136413,0.0741385,0.9445052149333767,-7.8744454,0.33600044,0.05988688,0.9672484653037443
