nmae,nrmse,r2,log_likelihood,lf_nmae,lf_nrmse,lf_r2
0.85759866,0.068321474,0.9528719953019997,-7.680753,0.3577828,0.05701715,0.9703121122098529
