nmae,nrmse,r2,log_likelihood,lf_nmae,lf_nrmse,lf_r2
0.81764424,0.08694087,0.9236845274599969,-8.767361,0.44183552,0.07027268,0.9549036732602789
0.76277864,0.08740078,0.9228749864636938,-11.002464,0.4543835,0.06691582,0.9591091877463838
0.5881914,0.06827394,0.9529375461708433,-7.7835155,0.54736805,0.054597523,0.9727783697064848
0.9136413,0.0741385,0.9445052149333767,-7.8744454,0.33600044,0.05988688,0.9672484653037443
