nmae,nrmse,r2,log_likelihood,lf_nmae,lf_nrmse,lf_r2
0.9421962,0.07728402,0.9396962854730089,-8.21371,0.35657182,0.062797636,0.9639873771711095
