nmae,nrmse,r2,log_likelihood,lf_nmae,lf_nrmse,lf_r2
1.1590807,0.07122253,0.948784734731253,-8.082538,0.37635022,0.056985036,0.9703455544375922
