nmae,nrmse,r2,log_likelihood,lf_nmae,lf_nrmse,lf_r2
0.5229597,0.06782379,0.953556096240335,-7.8511014,0.4725191,0.055543784,0.9718266089831908
