nmae,nrmse,r2,log_likelihood,lf_nmae,lf_nrmse,lf_r2
0.56407315,0.0676002,0.9538618064307135,-7.5680256,0.39881283,0.055726152,0.9716412991225919
