nmae,nrmse,r2,log_likelihood,lf_nmae,lf_nrmse,lf_r2
0.5727872,0.058792543,0.9651013100783813,-7.092789,0.37942365,0.047285307,0.9795816478488397
