nmae,nrmse,r2,log_likelihood,lf_nmae,lf_nrmse,lf_r2
0.8381744,0.07266321,0.9466918213918369,-7.7189813,0.4206912,0.06041419,0.9666691645472938
