nmae,nrmse,r2,log_likelihood,lf_nmae,lf_nrmse,lf_r2,beta_0,beta_1
0.4388921,0.079883,0.9355721927499255,-10.306795,0.39213437,0.06651553,0.9595969323080107,-50.79135269967777,1.2636082203133476
