nmae,nrmse,r2,log_likelihood,lf_nmae,lf_nrmse,lf_r2,beta_0,beta_1
0.5616614,0.072252676,0.9472924877060864,-9.13878,0.5299436,0.06149887,0.965461578708163,-51.02154178339118,1.2621252626931718
