nmae,nrmse,r2,log_likelihood,lf_nmae,lf_nrmse,lf_r2,beta_0,beta_1
0.50865304,0.07280564,0.9464826407656551,-9.461275,0.4369722,0.06067371,0.9663821987188292,-49.029889198625064,1.2639254903347477
