nmae,nrmse,r2,log_likelihood,lf_nmae,lf_nrmse,lf_r2,beta_0,beta_1
0.4149956,0.07458197,0.9438393133780717,-9.615616,0.4018942,0.062855095,0.9639214447129474,-59.157199072176475,1.2533960515855358
