nmae,nrmse,r2,log_likelihood,lf_nmae,lf_nrmse,lf_r2,beta_0,beta_1
0.42928582,0.06612059,0.9558594195249501,-8.769561,0.3365805,0.05738406,0.969928803697683,-49.86524103680084,1.2640241986197684
