nmae,nrmse,r2,log_likelihood,lf_nmae,lf_nrmse,lf_r2,beta_0,beta_1
0.4535914,0.058753606,0.9651475186632369,-8.102655,0.30059618,0.049983434,0.9771850069382658,-50.972326682128596,1.2632010699190597
