nmae,nrmse,r2,log_likelihood,lf_nmae,lf_nrmse,lf_r2,beta_0,beta_1
0.42738202,0.07416891,0.9444596745260903,-9.883123,0.38450798,0.062189464,0.9646815332030362,-52.06040736177241,1.2615386313475716
