nmae,nrmse,r2,log_likelihood,lf_nmae,lf_nrmse,lf_r2,beta_0,beta_1
0.4110196,0.06421055,0.9583727891879122,-8.552621,0.36351326,0.053987257,0.9733835095108504,-51.521369953530964,1.2611393060381575
