nmae,nrmse,r2,log_likelihood,lf_nmae,lf_nrmse,lf_r2,beta_0,beta_1
0.33239603,0.061113983,0.9622909318276534,-8.344069,0.34358165,0.05271039,0.9746276506958044,-45.2691454117358,1.26832578650432
