nmae,nrmse,r2,log_likelihood,lf_nmae,lf_nrmse,lf_r2,beta_0,beta_1
0.37699017,0.054907568,0.9695610938937252,-7.611486,0.30175006,0.04906585,0.9780149811203062,-29.795021113208115,1.26663896333536
