nmae,nrmse,r2,log_likelihood,lf_nmae,lf_nrmse,lf_r2,beta_0,beta_1
0.45178458,0.05840334,0.9655618331047792,-7.985316,0.5610242,0.05615881,0.9711992343837631,-83.41674583416447,1.260750433248757
