nmae,nrmse,r2,log_likelihood
3.3898664,0.75528723,-0.5968481614896604,-5.1677217
