nmae,nrmse,r2,log_likelihood
3.262233,0.72600406,-0.47542577335321146,-4.928951
