nmae,nrmse,r2,log_likelihood
3.6676702,0.7589981,-0.6125781211020398,-5.1693726
