nmae,nrmse,r2,log_likelihood
4.025626,0.78792566,-0.7378398398476294,-4.8975277
