nmae,nrmse,r2,log_likelihood
3.7222726,0.7987407,-0.7858745907257039,-5.4362483
