nmae,nrmse,r2,log_likelihood
3.5405152,0.773193,-0.6734589550941374,-6.141621
