nmae,nrmse,r2,log_likelihood
3.6340103,0.8032095,-0.8059136035209682,-5.8134255
