nmae,nrmse,r2,log_likelihood
3.2215364,0.72389495,-0.46686576102546695,-5.1150427
