nmae,nrmse,r2,log_likelihood
2.9302263,0.72046286,-0.45298952943083814,-4.9346704
