nmae,nrmse,r2,log_likelihood
3.514281,0.7766272,-0.6883576305638615,-5.950224
