nmae,nrmse,r2,log_likelihood
4.025626,0.78792566,-0.7378398398476294,-4.8975277
3.6676702,0.7589981,-0.6125781211020398,-5.1693726
