nmae,nrmse,r2,log_likelihood,lf_nmae,lf_nrmse,lf_r2
1.485197704004603,0.16791384814702442,0.7153326478980693,-900599.0885747536,0.74125874,0.12842181,0.849393167324635
