nmae,nrmse,r2,log_likelihood,lf_nmae,lf_nrmse,lf_r2
1.3074565093117378,0.15783429908419397,0.7484829652110836,-573263.1714855847,0.46848714,0.10137262,0.9061559574181365
