nmae,nrmse,r2,log_likelihood,lf_nmae,lf_nrmse,lf_r2
0.7930615081907554,0.09096735912777301,0.9164520484522499,-384337.7709989463,0.49185354,0.067416,0.9584956018627105
