nmae,nrmse,r2,log_likelihood,lf_nmae,lf_nrmse,lf_r2
0.6495360427114166,0.09147746902092631,0.9155124118289167,-381519.09074727376,0.46434087,0.058955573,0.9682591895463318
