nmae,nrmse,r2,log_likelihood,lf_nmae,lf_nrmse,lf_r2
1.1779378873001747,0.2342860893631478,0.5029540585749475,-6462002.607611056,0.69926506,0.13501042,0.832844052418902
