nmae,nrmse,r2,log_likelihood,lf_nmae,lf_nrmse,lf_r2
0.9849945360100696,0.18285906785556355,0.697213485621842,-11460570.363722315,0.71836376,0.134167,0.834931762735427
