,nrmse,nmae,r2,nll,cpu_time,noise,beta
gpr,0.459114540419708,2.5884902550509925,0.9289318582310196,-777.579192644753,0.5908501148223877,0.3539336631444274,[[0.56988448]]
mfrbfgp1a,0.042106268124531984,0.08028298631248044,0.9994022406628665,-282.59742638750856,1.8482799530029297,0.3225201541573939,[[1.00402254]]
mfrbfgp1b,0.2869132851535651,1.5347989367049009,0.9722454505494678,-588.1483869107944,1.6922338008880615,0.34299276043161536,[[0.52786383]]
mfrbfgp1c,0.17110773425975528,1.0574202024022583,0.9901287501028161,-436.3061225794937,2.3892102241516113,0.3145851123112298,[[-0.51177927]]
