nmae,nrmse,r2,log_likelihood,lf_nmae,lf_nrmse,lf_r2
0.9277599,0.11604471,0.9623044573005229,1.269646,0.94341725,0.21409112,0.9702179609952135
