nmae,nrmse,r2,log_likelihood,lf_nmae,lf_nrmse,lf_r2
0.58176976,0.115423605,0.962706892404158,1.2558001,0.9492877,0.21474087,0.9700369261010705
