nmae,nrmse,r2,log_likelihood,lf_nmae,lf_nrmse,lf_r2
1.1228786,0.13574287,0.9484209417971508,1.2170575,0.9578016,0.21373412,0.9703172081276511
