nmae,nrmse,r2,log_likelihood,lf_nmae,lf_nrmse,lf_r2
0.52672535,0.094321296,0.9750965898034896,1.3328016,0.9352452,0.21355262,0.9703675941891485
