nmae,nrmse,r2,log_likelihood,lf_nmae,lf_nrmse,lf_r2
1.1144761,0.13955386,0.9454841278796942,1.1965498,0.96664864,0.2144801,0.9701096462785477
