nmae,nrmse,r2,log_likelihood,lf_nmae,lf_nrmse,lf_r2
0.65759486,0.102640845,0.9705096596034676,1.3102632,1.0041424,0.22112913,0.9682276822553368
