nmae,nrmse,r2,log_likelihood,lf_nmae,lf_nrmse,lf_r2
0.54189545,0.11285871,0.9643459002227185,1.2822115,0.96786433,0.21464795,0.9700628500208731
