nmae,nrmse,r2,log_likelihood,lf_nmae,lf_nrmse,lf_r2
0.72775424,0.1168349,0.961789340687367,1.2760359,0.97040427,0.21389452,0.9702726487342888
