nmae,nrmse,r2,log_likelihood,lf_nmae,lf_nrmse,lf_r2
0.5914626,0.11146613,0.9652203627768284,1.2745137,0.9618012,0.21331279,0.9704341193680698
