nmae,nrmse,r2,log_likelihood,lf_nmae,lf_nrmse,lf_r2
0.8949273,0.11724588,0.9615200458644216,1.2648357,0.94003844,0.21359931,0.9703546408407197
