nrmse_bnn,nmae_bnn,ll_bnn,r2_score
0.76802105,2.1549165,-13.352677,0.09173473800449428
