Model,Normalized RMSE,Normalized MAE,Normalized Log Likelihood,R2
BNN,0.67998356,1.4355239,-12.245838,0.28802734388077456
Sequential MF-BNN LF1,0.1673289,0.5518081,1.1806357,0.9568869925581956
MF-DNN-BNN LF1,0.69995993,1.5348111,-12.75805,0.24558058849883935
MF-DNN-BNN LF1 Order 2,0.40562806,0.98709655,-2.3860054,0.7466491055343576
Sequential MF-BNN LF2,0.2069924,1.150914,1.2875423,0.9340256194776718
MF-DNN-BNN LF2,0.057784155,0.13085477,1.8464459,0.9948585684810636
Sequential MF-BNN LF3,0.930453,2.8456478,-11.584419,-0.3330774360291284
MF-DNN-BNN LF3,0.7029307,1.5312057,-12.486236,0.23916329893906096
