nmae,nrmse,r2,log_likelihood,lf_nmae,lf_nrmse,lf_r2
1.0014159791560608,0.19906306548212344,0.5999207679966205,-53.92333168053802,1.616924,0.2615498,0.37529213238046544
