nmae,nrmse,r2,log_likelihood,lf_nmae,lf_nrmse,lf_r2
0.7082998,0.08427252,0.9282971265795531,-349817.53,0.4546549,0.06875881,0.9568257423919737
