nmae,nrmse,r2,log_likelihood
1.4742004,0.16331504,0.7307120007292891,-24.546679
