nmae,nrmse,r2,log_likelihood
0.9511484,0.16281597,0.732355298745066,-23.709278
