nmae,nrmse,r2,log_likelihood
0.9160082,0.1584354,0.7465635490402862,-22.446733
