nmae,nrmse,r2,log_likelihood
1.1028391,0.16252533,0.7333099870400233,-26.316994
