nmae,nrmse,r2,log_likelihood
0.92938316,0.15381604,0.761126531176568,-21.021275
