nmae,nrmse,r2,log_likelihood
1.3339473,0.1583555,0.7468190678041304,-23.151876
