nmae,nrmse,r2,log_likelihood
1.221224,0.15936293,0.7435874931357573,-23.553316
