nmae,nrmse,r2,log_likelihood
1.1502241,0.16584277,0.7223116407828944,-25.722754
