nmae,nrmse,r2,log_likelihood
0.9254843,0.15728173,0.7502409983525342,-873511.6
