nmae,nrmse,r2,log_likelihood
0.9854616,0.15325189,0.7628755879874646,-22.976135
