nmae,nrmse,r2,log_likelihood
0.8891836,0.16076541,0.7390544696272412,-21.615255
