nmae,nrmse,r2,log_likelihood
2.3388622,0.6548725,-0.255828732217974,-5968.469
