Model,Normalized RMSE,Normalized MAE,Normalized Log Likelihood,R2
BNN,1.0316038,3.0274866,-15.100417,-0.6386730867511892
Sequential MF-BNN LF1,0.8139384,3.1886542,-0.11960775,-0.020116031907445153
MF-DNN-BNN LF1,1.0617912,3.0365796,-18.15064,-0.735979995402058
MF-DNN-BNN LF1 Order 2,0.39815798,0.9426325,-2.002784,0.7558946613925842
Sequential MF-BNN LF2,0.26402032,1.291734,0.8345111,0.8926650390799037
MF-DNN-BNN LF2,0.083389305,0.24373576,1.655673,0.9892925218474218
Sequential MF-BNN LF3,1.0901228,3.9771366,-5.532636,-0.8298577780308662
MF-DNN-BNN LF3,1.044826,3.3516335,-17.973713,-0.6809488995114992
