nmae,nrmse,r2,log_likelihood
0.44411197,0.11220569,0.8728856936751712,-561712.56
