nmae,nrmse,r2,log_likelihood
0.10843049,0.024497183,0.9939410558386665,-278052.94
