nmae,nrmse,r2,log_likelihood
0.13110694,0.016282048,0.9973234046427373,-195848.89
