nmae,nrmse,r2,log_likelihood
2.4077182,0.018765625,0.9964445817573033,-165041.67
