,nrmse,nmae,r2,lf_training_time,hf_training_time,noise,mean ll
hierarchical_kriging,0.11690952049698787,0.34518662120510346,0.9953917861606322,8.891932249069214,0.16498994827270508,0.7158780940271506,-1.0252395175452198
co_kriging,0.11530304452995385,0.2752963633004823,0.995517560722727,14.43516993522644,0.26619744300842285,0.6553122773079577,-0.852735107019695
scaled_kriging,0.21665195658419803,0.5231924351291455,0.984174476092386,4.6467602252960205,0.1877284049987793,0.6219574862838692,-1.0956692698638646
krr_lr_gpr,0.1360829314096401,0.3049622112901203,0.9937563266024124,7.106187343597412,0.15709161758422852,6.103937515794927e-05,-65405.71223622737
