nmae,nrmse,r2,log_likelihood,lf_nmae,lf_nrmse,lf_r2
0.7364915040122205,0.14394951389705068,0.941995763937548,1.0768747848338043,0.94025606,0.21379612,0.9702999845486326
