nmae,nrmse,r2,log_likelihood,lf_nmae,lf_nrmse,lf_r2
0.5634281280914769,0.1366090340711487,0.9477606039702162,1.1191981419751094,0.95953363,0.21368036,0.9703321408248828
