nmae,nrmse,r2,log_likelihood,lf_nmae,lf_nrmse,lf_r2
0.6041004743379147,0.14013788455033696,0.9450268756157163,1.107865484809329,0.95349246,0.21405049,0.9702292722041217
