nmae,nrmse,r2,log_likelihood,lf_nmae,lf_nrmse,lf_r2
0.5969896709826445,0.1366462174241238,0.9477321622164339,1.1227678163003225,0.9429406,0.21448635,0.9701079094673151
