nmae,nrmse,r2,log_likelihood,lf_nmae,lf_nrmse,lf_r2
0.4654610581044765,0.13053847100094143,0.9523002229618662,1.150797817052862,0.93365514,0.21402052,0.970237608380285
