nmae,nrmse,r2,log_likelihood,lf_nmae,lf_nrmse,lf_r2
0.7386910810486743,0.15101117647526754,0.936165202051927,1.0463808122448621,0.9553618,0.21413457,0.9702058774278564
