nmae,nrmse,r2,log_likelihood,lf_nmae,lf_nrmse,lf_r2
0.5152374944769449,0.13852744782378693,0.9462830962292278,1.1111567947978371,0.9517445,0.21384467,0.9702864950774032
