nmae,nrmse,r2,log_likelihood,lf_nmae,lf_nrmse,lf_r2
0.5308698138722193,0.13176945513840677,0.951396358780211,1.154255297284167,0.92793256,0.21423867,0.9701769028669834
