nmae,nrmse,r2,log_likelihood,lf_nmae,lf_nrmse,lf_r2
0.5190413971022401,0.1315497773243615,0.9515582816099655,1.144673552920322,0.9551614,0.21421649,0.9701830712565964
