nmae,nrmse,r2,log_likelihood,lf_nmae,lf_nrmse,lf_r2
0.7603514676110217,0.15794146126901643,0.930171677407673,1.010098659395306,0.9341166,0.21402325,0.9702368500875944
