nmae,nrmse,r2,log_likelihood,lf_nmae,lf_nrmse,lf_r2
1.1496209078670434,0.309450227530663,-1.8343827422917798,-153441.4096767872,0.96940315,0.27162394,-1.0033068335894977
