nmae,nrmse,r2,log_likelihood
1.7526232,0.19107442,0.6313877673912092,-664626.6
