nmae,nrmse,r2,log_likelihood
2.1694977,0.1524304,-0.21411307251860023,-61.71804
