nmae,nrmse,r2,log_likelihood
1.166291,0.15123793,-0.19519134479332245,-63.382004
