nmae,nrmse,r2,log_likelihood
1.5144839,0.14916869,-0.16270965197035014,-52.352345
