nmae,nrmse,r2,log_likelihood
0.96084577,0.14036727,-0.029550481262502037,-50.49277
