nmae,nrmse,r2,log_likelihood
1.9212552,0.150657,-0.18602713511580582,-48.45283
