nmae,nrmse,r2,log_likelihood
2.9378002,0.1370987,0.01783924252229019,-27.831474
