nmae,nrmse,r2,log_likelihood
1.8812393,0.14511228,-0.10033339052344248,-42.699394
