nmae,nrmse,r2,log_likelihood
2.2913795,0.14406887,-0.08456656574396937,-43.847485
