,nrmse,nmae,r2,nll,hf time,lf time,noise,beta
gpr,1.3129069127808488,3.496179107166586,0.41883328201139547,-18513.243535987443,0.1175389289855957,0.0,6.125384851352239e-05,[[8.15157466e-13]]
mfrbfgp1a,0.07245609986352988,0.228587087671159,0.9982299612588104,-0.4253247898336283,0.16352009773254395,3.694561719894409,0.3995363361780479,"[[0.83733104]
 [1.03617779]]"
mfrbfgp1b,0.12321368570910776,0.3075505614152858,0.9948814050589488,-0.6675958962801142,0.18325185775756836,4.361799240112305,0.4440045011635387,"[[2.0578806 ]
 [1.94032124]]"
mfrbfgp1c,0.2920508132756639,0.5697056571777234,0.9712425942394352,-18708.63149717406,0.10799217224121094,4.427171230316162,6.125384851352239e-05,"[[0.77483481]
 [1.26432539]]"
