,nrmse,nmae,r2,nll,cpu_time,noise,beta
gpr,1.3215084349831292,3.533284972639623,0.4111932983840103,-43593.027730460046,0.21793222427368164,6.125384851352239e-05,[[3.05025846e-13]]
mfrbfgp1a,0.041459336964225726,0.12469844098782865,0.9994204678015327,-0.31993508941782317,2.306995391845703,0.34892026994109326,"[[0.81250344]
 [1.01762163]]"
mfrbfgp1b,0.10872308297700678,0.19918499879773152,0.9960145590111859,-0.5880920362218676,4.851789474487305,0.2723049799207207,"[[2.01311037]
 [1.93857306]]"
mfrbfgp1c,0.2782076895238672,0.6464696480821632,0.973904169408598,-44416.44521272211,2.058976650238037,6.125384851352239e-05,"[[0.86232408]
 [1.39850032]]"
