,nrmse,nmae,r2,nll,cpu_time,noise,beta
gpr,1.3129069127808488,3.496179107166586,0.41883328201139547,-18513.243535987443,0.2511715888977051,6.125384851352239e-05,[[8.15157466e-13]]
mfrbfgp1a,0.07245609986352988,0.228587087671159,0.9982299612588104,-0.4253247898336283,3.6039299964904785,0.3995363361780479,"[[0.83733104]
 [1.03617779]]"
mfrbfgp1b,0.12269415102117674,0.30362427055329305,0.9949244795132484,-0.6637504988087664,2.7796308994293213,0.4411453570498711,"[[2.06035055]
 [1.94146329]]"
mfrbfgp1c,0.29713453735942635,0.583717188311227,0.9702327212025934,-19161.029215261322,2.676677703857422,6.125384851352239e-05,"[[0.77741561]
 [1.2678886 ]]"
