,nrmse,nmae,r2,nll,cpu_time,noise,beta
gpr,0.16423250206320206,0.3428164115260368,0.9909060809485265,-150050.69861867523,0.4341704845428467,5.511636268363064e-05,[[0.42538955]]
mfrbfgp1a,0.15806401001435133,0.5668666815680545,0.9915763782641775,-0.6978184951569053,2.1219396591186523,0.36707133052950947,"[[1.09497421]
 [1.13083047]]"
mfrbfgp1b,0.18490395176875252,0.6206656012142097,0.9884727622302122,-0.794272192094335,2.554337978363037,0.44563741736793444,"[[2.30376473]
 [2.04578899]]"
mfrbfgp1c,0.1558601826183418,0.34679044357227407,0.9918096355558927,-214026.8399739675,3.4159624576568604,5.511636268363064e-05,"[[-0.0066677 ]
 [-0.36697164]]"
