,mse,mae,r2,logp,noise
noise_0.3,0.09582986212900177,0.5358136261800615,0.9969037601778783,-447.25197415685625,0.37667547595210504
noise_0.5,0.11000216863351846,0.6471873465510797,0.9959202330109911,-539.8580373030877,0.40534309567727766
noise_1.0,0.18039222257209872,0.6652429090612677,0.9890284374293559,-685.6821033659386,0.44745009477577313
