,nrmse,nmae,r2,lf_training_time,hf_training_time,noise,mean ll
hierarchical_kriging,0.11937901125233696,0.24659923396226152,0.9951950505789428,13.212164640426636,0.3230557441711426,0.6016117877589707,-0.8191637515746595
co_kriging,0.11505360641973844,0.23320232126615892,0.9955369337026686,19.480958223342896,0.8539583683013916,0.5922339118035008,-0.743991387723481
scaled_kriging,0.162915912949122,0.34052678861296365,0.99105130145457,10.260127782821655,0.30293726921081543,3.362902837650561e-05,-1.0686471258634416
mf_rbf_kriging,0.09935822985092478,0.1990489358184365,0.9966715613492617,11.574156522750854,0.3143796920776367,0.49486934993412723,-0.625580752962869
