nmae,nrmse,r2,log_likelihood,lf_nmae,lf_nrmse,lf_r2
1.2675808926839471,0.0689815541562989,0.9519569487438171,-298612.51905992284,0.4599118,0.050775986,0.9764557453880552
