nmae,nrmse,r2,log_likelihood,lf_nmae,lf_nrmse,lf_r2
0.7718647412780127,0.0958943601479205,0.9071566582570388,-370183.58032009786,0.533809,0.07218954,0.9524098822837694
