nmae,nrmse,r2,log_likelihood,lf_nmae,lf_nrmse,lf_r2
0.4644017879625716,0.07121123553260524,0.9488009769244086,-308759.59888438357,0.45155627,0.052066322,0.9752439137750178
