nmae,nrmse,r2,log_likelihood,lf_nmae,lf_nrmse,lf_r2
1.036330410116221,0.08753759613731382,0.9226333370193918,-366831.45827793295,0.62746924,0.06469302,0.9617806705946252
