nmae,nrmse,r2,log_likelihood,lf_nmae,lf_nrmse,lf_r2
0.7662836853446044,0.08950661914353299,0.9191137057766008,-388424.9979413658,0.5517691,0.06781538,0.9580023910936762
