nmae,nrmse,r2,log_likelihood,lf_nmae,lf_nrmse,lf_r2
1.2306129470663478,0.09889815674056675,0.9012491080429236,-497903.2869126088,0.41307858,0.068619885,0.9570000281889826
