nmae,nrmse,r2,log_likelihood,lf_nmae,lf_nrmse,lf_r2
0.5229519549172351,0.07696184821142839,0.9401980136413988,-387257.8827961855,0.37480626,0.0547304,0.9726457137380253
