nmae,nrmse,r2,log_likelihood,lf_nmae,lf_nrmse,lf_r2
0.6651285812972105,0.0748620880124892,0.9434166697566152,-347517.424026419,0.42946413,0.05282922,0.9745131238680154
