nmae,nrmse,r2,log_likelihood,lf_nmae,lf_nrmse,lf_r2
0.8630467062475684,0.07872608007457635,0.9374248516865848,-380850.76395965234,0.3984776,0.04587086,0.980784933857463
