nmae,nrmse,r2,log_likelihood,lf_nmae,lf_nrmse,lf_r2
0.4808284196073848,0.07786507876000438,0.9387860947666434,-333557.0387813961,0.44337603,0.056889255,0.970445152767447
